id,name,age,location,gender,occupation
1,Brendan Jackson,85,Chicago,Female,Retired
2,Jose Kim,89,Phoenix,Female,Retired
3,Russell Schmidt,47,Boston,Female,Bank Manager
4,Debbie Johnson,26,Chicago,Female,Accountant
5,Edwin Herrera,62,Chicago,Male,Engineer
6,Lauren Patton,57,Washington,Female,Bank Manager
7,Mr. Jeffery Howell DDS,73,Boston,Female,Retired
8,Jennifer Ray,94,San Francisco,Female,Retired
9,David Guerra,9,San Francisco,Male,School Student
10,Linda Smith,5,Boston,Female,School Student
11,Nicole Mendez,77,Denver,Female,Retired
12,Mary Graves,10,Los Angeles,Male,School Student
13,Robert Gray,49,Seattle,Female,Accountant
14,Holly Myers,76,San Francisco,Male,Retired
15,Robert Velasquez,36,San Francisco,Female,Bank Manager
16,Colleen Powell,83,Seattle,Female,Retired
17,Tammy Barry,36,San Francisco,Female,Lawyer
18,Barry Rivera,58,Phoenix,Male,Accountant
19,Michael Ware,11,San Francisco,Female,School Student
20,Tammy Sanchez,17,Denver,Female,College Student
21,Caitlin Miller,18,Chicago,Male,College Student
22,Angelica Leonard,55,San Francisco,Female,Lawyer
23,Courtney Alvarado,8,Los Angeles,Female,School Student
24,James Potter,54,Boston,Female,Accountant
25,James Marquez,21,Denver,Male,College Student
26,Alexander Marsh,83,San Francisco,Male,Retired
27,William Barry,18,Seattle,Male,College Student
28,Jennifer Jackson,96,New York,Female,Retired
29,Willie Saunders,26,New York,Female,Lawyer
30,Jerry Garza,64,Seattle,Male,Pharmacist
31,Kenneth Harris,14,Los Angeles,Female,School Student
32,Megan Phillips,67,Seattle,Male,Retired
33,Antonio Smith,86,Seattle,Male,Retired
34,Amanda Weeks,49,Washington,Male,Bank Manager
35,Nicholas Middleton,34,Houston,Male,Engineer
36,Tiffany Cameron,71,Los Angeles,Female,Retired
37,Christopher Cruz,86,Seattle,Male,Retired
38,John Campbell,22,Chicago,Male,College Student
39,Charles Thomas,96,San Francisco,Male,Retired
40,Joseph Maldonado,85,Boston,Female,Retired
41,Lynn Clark,54,Boston,Female,Doctor
42,Christopher Parker,57,Los Angeles,Female,Pharmacist
43,Peter Quinn,64,Boston,Female,Shop Owner
44,Logan Hughes,27,Houston,Female,Engineer
45,Theresa Edwards,100,Washington,Male,Retired
46,Charles Gonzales,23,Phoenix,Male,College Student
47,Kimberly Barber,21,Houston,Male,College Student
48,Katherine Williams,35,San Francisco,Male,Accountant
49,Elizabeth Case,98,Los Angeles,Female,Retired
50,Michelle Huynh,88,New York,Female,Retired
51,James Martin,3,Los Angeles,Female,Baby
52,Nathaniel Harding,2,Houston,Female,Baby
53,Latoya Smith,22,Boston,Female,College Student
54,Melanie Harrison,47,New York,Female,Bank Manager
55,Nancy Bentley,3,Los Angeles,Female,Baby
56,James Small,64,Houston,Male,Doctor
57,Kathryn Keller,89,San Francisco,Female,Retired
58,Tracy Diaz,6,San Francisco,Male,School Student
59,David Hammond,15,Boston,Male,School Student
60,Cole Gutierrez,57,Chicago,Male,Engineer
61,Jeffrey Warren,1,Boston,Female,Baby
62,Robert Moore,20,Houston,Female,College Student
63,Ashley Conley,88,Chicago,Male,Retired
64,Richard Bird,62,Los Angeles,Male,Lawyer
65,Karl Pierce,100,New York,Female,Retired
66,Sara Walker,44,New York,Male,Lawyer
67,Sean Quinn,98,Houston,Male,Retired
68,Stephanie Taylor,97,Houston,Male,Retired
69,Sara Stevens,91,Boston,Male,Retired
70,Joshua Martinez,88,New York,Female,Retired
71,Ryan Bullock,49,Chicago,Female,Bank Manager
72,Alexis Cox,5,Denver,Male,School Student
73,James Morse,80,Boston,Male,Retired
74,Kellie Schmidt,13,San Francisco,Female,School Student
75,Marc Sweeney,80,Houston,Male,Retired
76,Christopher Allison,4,Los Angeles,Male,Baby
77,Karen Willis,2,San Francisco,Male,Baby
78,Jessica Bush,12,Chicago,Female,School Student
79,Janet Mercado,47,Boston,Female,Doctor
80,Heather Chambers,21,San Francisco,Female,College Student
81,John Allison,43,Houston,Female,Bank Manager
82,Carla Lawrence,65,New York,Male,Accountant
83,Brandon Valenzuela,5,Los Angeles,Male,School Student
84,Timothy Harris,58,Washington,Female,Pharmacist
85,Elizabeth Vasquez,74,Seattle,Male,Retired
86,Richard Collier,43,Boston,Female,Pharmacist
87,Rhonda Kirby,92,Los Angeles,Female,Retired
88,Julie Rivera,65,Phoenix,Female,Accountant
89,Kristi Harris,7,Chicago,Male,School Student
90,Frederick Rios,31,Los Angeles,Male,Doctor
91,Monica Parker,38,Houston,Female,Pharmacist
92,Ricardo Hines,91,Los Angeles,Female,Retired
93,Jacqueline Caldwell,54,Los Angeles,Male,Accountant
94,Jennifer Porter,53,Denver,Male,Engineer
95,Christopher Baker,79,Los Angeles,Female,Retired
96,Sara Moreno,5,Los Angeles,Female,School Student
97,Joshua Dean,44,New York,Male,Bank Manager
98,Kayla Jackson,24,Houston,Male,College Student
99,Amber Wright,20,San Francisco,Female,College Student
100,Mrs. Holly Spencer,14,Houston,Female,School Student
101,Jason Hodges,52,Seattle,Female,Engineer
102,Stephen Sullivan,78,San Francisco,Female,Retired
103,Michael Parrish,23,Houston,Female,College Student
104,Jim Hanson,78,San Francisco,Female,Retired
105,Donna Avila,14,Los Angeles,Male,School Student
106,Katelyn Vasquez,13,Denver,Male,School Student
107,Amy Duffy,12,Boston,Female,School Student
108,Shelby Mendoza,25,Washington,Female,Accountant
109,Brenda Landry,62,Phoenix,Male,Engineer
110,Jerry Roman,24,Los Angeles,Male,College Student
111,Kelly Rhodes,33,New York,Male,Engineer
112,Thomas Harrison,100,Denver,Female,Retired
113,Aaron Graham,29,Seattle,Male,Accountant
114,Philip Li,87,New York,Female,Retired
115,Elizabeth Prince,44,New York,Male,Engineer
116,Elizabeth Juarez,71,New York,Female,Retired
117,Sonya Alexander,40,Los Angeles,Female,Shop Owner
118,David Lane,40,Los Angeles,Male,Pharmacist
119,Erica Oliver,85,San Francisco,Male,Retired
120,Lisa Murillo,27,San Francisco,Female,Accountant
121,Erin Wade MD,18,Seattle,Female,College Student
122,Amy Gill,26,Washington,Male,Bank Manager
123,Jennifer Lutz,100,San Francisco,Male,Retired
124,James Campos,74,Seattle,Female,Retired
125,Alyssa Perez,83,Los Angeles,Male,Retired
126,Lauren Smith,22,Washington,Female,College Student
127,Kelly Martinez,53,Los Angeles,Female,Accountant
128,Victoria Santos,56,Washington,Female,Accountant
129,William Hayes,12,Seattle,Female,School Student
130,Jamie Kennedy,29,New York,Female,Pharmacist
131,Matthew Ruiz,14,Denver,Female,School Student
132,Tyler Garza,100,Phoenix,Female,Retired
133,Daniel Gilmore,10,Chicago,Female,School Student
134,Ralph Kelly,56,New York,Female,Bank Manager
135,Richard Mercado,82,Houston,Female,Retired
136,Charlene Hunt,35,Phoenix,Female,Lawyer
137,Kimberly Stevenson,42,New York,Male,Bank Manager
138,Robert Church,32,New York,Female,Engineer
139,Amanda Smith,90,Boston,Female,Retired
140,William Walls,52,Seattle,Female,Pharmacist
141,Victoria Duffy,59,Houston,Male,Accountant
142,Emily Peterson,89,New York,Female,Retired
143,Jack Mckinney,51,Seattle,Female,Bank Manager
144,Tina Baird,1,Los Angeles,Female,Baby
145,Tina Harris,96,Washington,Male,Retired
146,Shelly Nielsen,75,Boston,Male,Retired
147,Victor Diaz,48,Houston,Male,Accountant
148,Donald Murillo,69,Denver,Male,Retired
149,Derrick Baker,31,New York,Male,Doctor
150,John Salazar,9,Boston,Female,School Student
151,Paul Hill,60,Boston,Female,Lawyer
152,Isabel Harris,78,Houston,Male,Retired
153,Peter Durham,88,Los Angeles,Male,Retired
154,Andrew Conner,23,Denver,Female,College Student
155,David Rivera,2,Washington,Female,Baby
156,Alexis Steele,42,Boston,Male,Accountant
157,Lauren Nguyen,24,Denver,Male,College Student
158,Brian Clements,86,New York,Female,Retired
159,Kenneth Hernandez,93,Phoenix,Female,Retired
160,Robin Reynolds,49,Chicago,Female,Lawyer
161,Ian Wright,42,San Francisco,Female,Doctor
162,Louis Little,42,Chicago,Male,Shop Owner
163,Hayden Hickman,27,Houston,Male,Engineer
164,Anthony Harper,4,San Francisco,Female,Baby
165,Courtney Hanson,51,Chicago,Female,Accountant
166,Roger Kelly,73,Los Angeles,Male,Retired
167,Paul Heath,60,Houston,Female,Engineer
168,Pamela Richards,97,Boston,Female,Retired
169,Matthew Weaver,20,Los Angeles,Male,College Student
170,Steven Proctor,66,New York,Female,Retired
171,Nathaniel Williams,10,Phoenix,Female,School Student
172,Christy Conway,87,Phoenix,Female,Retired
173,Kyle Moore,33,Los Angeles,Male,Shop Owner
174,Denise Lewis,32,Boston,Male,Bank Manager
175,Kevin Martinez,4,Boston,Male,Baby
176,Jessica Huff,19,Chicago,Female,College Student
177,David Roth,47,Phoenix,Female,Bank Manager
178,Kimberly Campbell,94,Seattle,Female,Retired
179,Kelly Cline,43,Seattle,Male,Shop Owner
180,Calvin Thomas,95,Seattle,Male,Retired
181,Stacy Lewis DDS,38,Phoenix,Male,Bank Manager
182,Jesse Sweeney,37,New York,Male,Bank Manager
183,Cynthia Frye MD,80,Washington,Male,Retired
184,Mary Monroe,43,San Francisco,Male,Shop Owner
185,Misty Butler,10,Denver,Female,School Student
186,Joshua Strong,45,New York,Female,Lawyer
187,Brittany Castro,51,Washington,Male,Engineer
188,James Watkins,87,New York,Female,Retired
189,Kara Fields,90,San Francisco,Female,Retired
190,Christina Williams,63,Washington,Female,Pharmacist
191,Luis Yang,25,San Francisco,Female,Bank Manager
192,John Allen,24,Los Angeles,Male,College Student
193,Kevin Campbell,35,Houston,Female,Lawyer
194,James Pena,53,San Francisco,Female,Doctor
195,Shannon Black,49,Los Angeles,Male,Doctor
196,Susan Harrington,45,Houston,Male,Lawyer
197,Carlos Armstrong,27,Denver,Female,Engineer
198,Harold Cruz,90,Chicago,Female,Retired
199,Megan Rios,75,Phoenix,Male,Retired
200,Nicholas Jenkins,6,Seattle,Male,School Student
201,Angela David,29,Houston,Male,Engineer
202,Diana Rodriguez,33,San Francisco,Male,Shop Owner
203,Kevin Patterson,70,Phoenix,Female,Retired
204,Natalie Scott,7,Phoenix,Male,School Student
205,Cindy Cross,97,Seattle,Male,Retired
206,Joe Reed,86,Denver,Male,Retired
207,Lisa Leon,84,Washington,Female,Retired
208,Benjamin Gonzalez,88,New York,Female,Retired
209,Daniel Jackson,59,Chicago,Male,Shop Owner
210,Valerie Stephens,45,Los Angeles,Male,Bank Manager
211,Cody Robertson,86,Seattle,Male,Retired
212,Scott Clark,74,Washington,Female,Retired
213,Tracy Rodriguez,75,Phoenix,Female,Retired
214,Maria Walters,2,Seattle,Female,Baby
215,Joshua Combs,9,Houston,Male,School Student
216,Richard Thomas PhD,12,Los Angeles,Female,School Student
217,Gregory Davis PhD,45,Houston,Female,Shop Owner
218,Angela Martin,56,Washington,Male,Pharmacist
219,Alexandra Miller,4,Denver,Male,Baby
220,Dustin Fletcher,68,Phoenix,Male,Retired
221,Helen Diaz,16,Denver,Male,School Student
222,Brian Hammond MD,88,Los Angeles,Male,Retired
223,Alexander Ballard,39,Houston,Female,Shop Owner
224,Elizabeth Roman,82,Boston,Male,Retired
225,Brandon Powell,57,Houston,Male,Lawyer
226,Kimberly Bentley,90,Seattle,Female,Retired
227,Katelyn Alexander,32,Denver,Male,Engineer
228,Joseph Guerra,59,New York,Female,Pharmacist
229,Taylor Roy,9,Chicago,Female,School Student
230,James Atkinson,60,Chicago,Male,Lawyer
231,April Navarro,75,Seattle,Female,Retired
232,Catherine Moore,96,Chicago,Female,Retired
233,Nicholas Bradley,72,Los Angeles,Male,Retired
234,Anna Jones,4,Los Angeles,Female,Baby
235,Susan Brown,31,Boston,Female,Doctor
236,Laura Castro,86,Denver,Male,Retired
237,Brandi Blanchard,84,San Francisco,Male,Retired
238,Amanda Harris DDS,93,Boston,Female,Retired
239,Scott Griffin,5,New York,Male,School Student
240,Raymond King,100,San Francisco,Female,Retired
241,James James,65,Denver,Male,Pharmacist
242,Jessica Moore,45,Chicago,Female,Accountant
243,Daniel Campbell,1,Seattle,Female,Baby
244,Melissa Fuller,16,Houston,Male,School Student
245,Carla Thomas,64,Denver,Male,Pharmacist
246,Jill Ryan,12,San Francisco,Female,School Student
247,Linda Ramsey,84,Phoenix,Male,Retired
248,Jason Lee,45,Houston,Female,Lawyer
249,Peter Nguyen,22,Washington,Male,College Student
250,Jacob Walters,86,New York,Female,Retired
251,Michelle Jackson,45,Denver,Female,Engineer
252,Kimberly Michael,71,Boston,Female,Retired
253,Robert Palmer,11,Seattle,Male,School Student
254,Mark Bishop,10,Los Angeles,Male,School Student
255,Pamela Perez,22,Houston,Female,College Student
256,Robert Barnett,86,Los Angeles,Male,Retired
257,Matthew Johnson,92,Houston,Female,Retired
258,Jordan Costa,53,Washington,Male,Accountant
259,Joseph Warren,31,Phoenix,Female,Engineer
260,Gregory Lynch,97,Washington,Male,Retired
261,Cameron Andersen,79,New York,Male,Retired
262,Amy Kemp,12,New York,Female,School Student
263,Amanda Johnson,36,Denver,Female,Lawyer
264,Judith Scott,83,Los Angeles,Male,Retired
265,Logan Bradley,1,Phoenix,Female,Baby
266,Cheryl Houston,3,Phoenix,Male,Baby
267,Molly Cruz,40,Washington,Female,Pharmacist
268,John Schneider,45,Washington,Female,Bank Manager
269,Raymond Lee,14,Phoenix,Male,School Student
270,Andrew Deleon,37,San Francisco,Female,Bank Manager
271,Catherine Meyers,100,Denver,Male,Retired
272,Alexis Vargas,94,Phoenix,Female,Retired
273,Joan Cross,58,New York,Female,Accountant
274,Richard Fisher,23,Seattle,Female,College Student
275,Cindy Thornton,64,New York,Female,Engineer
276,Benjamin Woodard MD,19,Chicago,Male,College Student
277,Elizabeth George,68,Los Angeles,Male,Retired
278,Melissa Blair,29,San Francisco,Male,Bank Manager
279,Robert Rasmussen,7,Los Angeles,Female,School Student
280,Paige Golden,99,Los Angeles,Male,Retired
281,Bradley Kidd,18,Seattle,Male,College Student
282,Trevor Harvey,81,New York,Male,Retired
283,Daniel Jones,21,Denver,Male,College Student
284,Micheal Wang,4,Houston,Female,Baby
285,John Hickman,96,Denver,Female,Retired
286,Nicole James,94,Seattle,Male,Retired
287,Samantha Garza,72,New York,Female,Retired
288,Jonathan Reeves,85,Chicago,Female,Retired
289,Katie Wood,43,Houston,Female,Lawyer
290,Bethany Benson,95,Boston,Male,Retired
291,Casey Murphy,66,San Francisco,Male,Retired
292,Anthony Olson,41,Denver,Female,Lawyer
293,Steve Nguyen,66,San Francisco,Female,Retired
294,Phillip Ford,29,Denver,Female,Lawyer
295,Harry Williams,29,Seattle,Male,Lawyer
296,James Harris,69,New York,Female,Retired
297,Nicholas Stark,77,Washington,Female,Retired
298,Candace Holt,64,New York,Female,Shop Owner
299,Desiree Perez,53,Washington,Male,Pharmacist
300,Heather Sellers,74,Denver,Female,Retired
301,Frank Rice,19,Denver,Male,College Student
302,Erin Howell,78,Denver,Female,Retired
303,Cindy Thomas,23,Houston,Male,College Student
304,Blake Peterson,70,Los Angeles,Male,Retired
305,Hannah Gutierrez,81,Los Angeles,Male,Retired
306,Denise Irwin,58,San Francisco,Female,Doctor
307,Maria Lam,91,Boston,Male,Retired
308,Dustin Martinez,48,San Francisco,Female,Bank Manager
309,Amber Sandoval,54,Houston,Female,Bank Manager
310,Summer Bradley,8,San Francisco,Male,School Student
311,Jose Campbell,58,Boston,Male,Accountant
312,Michael Johnson,62,Boston,Male,Doctor
313,Joseph Johnson,79,Boston,Male,Retired
314,Travis Padilla,27,San Francisco,Female,Shop Owner
315,Lisa Rice,74,Houston,Female,Retired
316,Tina Johnson,43,Phoenix,Female,Accountant
317,Dana Crawford,84,Denver,Female,Retired
318,Jason Smith,33,Chicago,Female,Accountant
319,Emily Huber,59,Seattle,Female,Lawyer
320,Steven Jones,92,Seattle,Male,Retired
321,Stephanie Walker,31,San Francisco,Male,Pharmacist
322,Christina Freeman,68,Los Angeles,Male,Retired
323,Marissa Adkins,49,Boston,Female,Doctor
324,Dr. Jamie Acosta,47,Denver,Male,Pharmacist
325,Kayla Martinez,54,Phoenix,Male,Doctor
326,Robert Luna,52,Chicago,Female,Engineer
327,Lorraine Aguirre,38,Los Angeles,Male,Pharmacist
328,Kathy Moore,65,Denver,Female,Engineer
329,Amber Parker,25,San Francisco,Female,Pharmacist
330,Trevor Lewis,78,Seattle,Male,Retired
331,Joseph Carter,13,Boston,Male,School Student
332,Hannah Gibson,45,Chicago,Female,Accountant
333,Tiffany Morales,40,New York,Female,Shop Owner
334,Shelley Bailey,91,San Francisco,Female,Retired
335,Nathan Taylor,6,Los Angeles,Male,School Student
336,Holly Davis,9,Los Angeles,Female,School Student
337,David Lewis,23,Houston,Male,College Student
338,Nathan Dodson DDS,60,New York,Female,Bank Manager
339,Tamara Ortiz,90,Chicago,Male,Retired
340,Nicole Smith,85,Seattle,Female,Retired
341,Jerry Vazquez,17,Boston,Male,College Student
342,Elizabeth Watson,33,Houston,Female,Pharmacist
343,Paula Moody,53,Phoenix,Female,Shop Owner
344,Shelia Middleton,76,New York,Female,Retired
345,Marvin Thompson,43,Seattle,Male,Pharmacist
346,Erik Cox,46,Washington,Male,Shop Owner
347,Erika Anderson,92,Denver,Male,Retired
348,Laura Robertson,100,New York,Female,Retired
349,Krista Perez,64,Boston,Male,Engineer
350,Dawn Garcia,36,Denver,Male,Accountant
351,Calvin Baker,91,Denver,Male,Retired
352,Sydney Williams,23,Chicago,Female,College Student
353,Katrina Leon,54,Houston,Male,Pharmacist
354,Jennifer Wilson,19,Chicago,Female,College Student
355,Pamela Smith,76,Boston,Male,Retired
356,Kenneth Dyer,35,Denver,Male,Doctor
357,Paula Atkins,28,Seattle,Male,Bank Manager
358,Nicholas Welch,31,Houston,Male,Lawyer
359,Donald Hoffman,60,Chicago,Female,Lawyer
360,Robin Roberson,72,Denver,Female,Retired
361,Jeff Melendez,6,Houston,Male,School Student
362,Amy Ramos,37,Denver,Female,Shop Owner
363,Ray King,33,Los Angeles,Male,Doctor
364,Wanda Nguyen,68,Washington,Male,Retired
365,Craig Nelson,13,Denver,Female,School Student
366,Cody Peterson,52,Chicago,Female,Engineer
367,Sarah Perez,51,San Francisco,Male,Pharmacist
368,Richard Green DDS,1,San Francisco,Male,Baby
369,Jennifer James,74,Los Angeles,Male,Retired
370,Eric Townsend,75,Chicago,Female,Retired
371,Tonya Davis,75,Los Angeles,Female,Retired
372,Carol Davis,43,Seattle,Female,Pharmacist
373,Megan Smith,32,Boston,Female,Accountant
374,Benjamin Carr,16,New York,Male,School Student
375,Connie Fernandez,38,New York,Female,Pharmacist
376,John Miller,40,Chicago,Male,Bank Manager
377,George Stanton,98,Los Angeles,Female,Retired
378,Rachel Mack,61,New York,Male,Accountant
379,Susan Cooke,24,Los Angeles,Female,College Student
380,Steven Elliott Jr.,66,Denver,Male,Retired
381,Cassie Lynch,48,Chicago,Female,Accountant
382,Beth Ingram,46,New York,Female,Accountant
383,Gregory Padilla,35,Phoenix,Female,Engineer
384,Kayla Holder,46,Houston,Male,Engineer
385,Anthony Roach,5,Houston,Female,School Student
386,Melissa Johnson,99,Washington,Female,Retired
387,David Burns,14,Seattle,Female,School Student
388,Briana Meyers,81,Boston,Female,Retired
389,Erica Stephens MD,27,Seattle,Female,Shop Owner
390,Michelle Hill,37,New York,Male,Shop Owner
391,Thomas Foster,39,Seattle,Male,Doctor
392,Holly Diaz,28,Phoenix,Female,Engineer
393,Eric King,11,Denver,Female,School Student
394,Julie Hall,17,Seattle,Male,College Student
395,Matthew Mendoza,51,Boston,Male,Shop Owner
396,Jimmy Brandt,72,Houston,Female,Retired
397,Andrew Moore,4,Seattle,Female,Baby
398,Susan Kemp,16,Boston,Female,School Student
399,Christy Smith,70,Los Angeles,Female,Retired
400,Jacob Conway,82,Los Angeles,Female,Retired
401,Danielle Hudson,26,Los Angeles,Female,Engineer
402,Megan Garcia,27,Washington,Female,Pharmacist
403,Sherry Martinez,26,Chicago,Male,Lawyer
404,Jeffrey Graham,23,Seattle,Male,College Student
405,Kimberly Black,51,Boston,Male,Pharmacist
406,Robert Greer,2,Houston,Female,Baby
407,Sheila Edwards,74,Boston,Female,Retired
408,Kevin Gutierrez,31,Los Angeles,Female,Lawyer
409,Donald Luna,17,Phoenix,Male,College Student
410,Austin Washington,75,Washington,Female,Retired
411,Helen Stevens,53,Phoenix,Female,Lawyer
412,Andrew Ochoa,32,Denver,Female,Engineer
413,Katherine Levy,16,Seattle,Male,School Student
414,Roger Ward,97,Chicago,Female,Retired
415,Keith Greene,35,Seattle,Female,Bank Manager
416,Cassie Olson,20,Los Angeles,Male,College Student
417,Kenneth Callahan,13,Washington,Female,School Student
418,Kimberly Hernandez,94,Denver,Male,Retired
419,Robert Robinson,37,New York,Female,Accountant
420,Nicole Ruiz,12,Chicago,Female,School Student
421,Derek Anderson,38,Los Angeles,Female,Doctor
422,Thomas Tanner,11,San Francisco,Male,School Student
423,Natalie Collins,76,Washington,Female,Retired
424,Nicole Church,96,San Francisco,Male,Retired
425,Whitney Rowe,87,San Francisco,Male,Retired
426,Elizabeth Michael,10,Seattle,Male,School Student
427,Lisa Gilbert,79,Denver,Female,Retired
428,Marissa Mcpherson,69,Seattle,Male,Retired
429,Angela Mitchell,10,Houston,Female,School Student
430,Sarah Jones,4,Chicago,Male,Baby
431,Ashley Richardson,81,Phoenix,Male,Retired
432,Steven Perez,95,San Francisco,Male,Retired
433,Calvin Moss,9,New York,Female,School Student
434,Carol Cortez,3,Los Angeles,Male,Baby
435,Jason Shea,72,Phoenix,Male,Retired
436,Deborah Smith,16,San Francisco,Female,School Student
437,Rachel Odonnell,43,Boston,Male,Bank Manager
438,Christopher Anderson,19,Seattle,Female,College Student
439,Cindy Perry,53,Houston,Female,Doctor
440,Patrick Henry,17,New York,Male,College Student
441,Christopher Hayden,7,Washington,Female,School Student
442,Melissa Moss,40,New York,Female,Shop Owner
443,Janice Williams,100,Seattle,Female,Retired
444,Veronica Walton,47,Houston,Male,Shop Owner
445,Ashley Mcclure,45,New York,Female,Engineer
446,Kristin Torres,76,Phoenix,Male,Retired
447,Katherine Brooks,39,Denver,Female,Shop Owner
448,Andrew Wagner,66,Phoenix,Female,Retired
449,Abigail Duarte,36,Washington,Male,Engineer
450,Alicia Wiggins,91,San Francisco,Male,Retired
451,Christopher Reyes,93,New York,Female,Retired
452,Nancy Martin,55,Los Angeles,Female,Bank Manager
453,Nicholas Howard,36,New York,Male,Shop Owner
454,Leslie Schmidt,47,New York,Male,Lawyer
455,Gary Williams,55,Washington,Male,Accountant
456,Ian Price,74,Washington,Female,Retired
457,Anthony Mitchell,39,San Francisco,Female,Engineer
458,Matthew Moore,7,Denver,Male,School Student
459,Virginia Russo,5,Denver,Male,School Student
460,Chris Anderson,27,Chicago,Female,Engineer
461,Vincent Young,71,Boston,Female,Retired
462,Brian Guerrero,97,Washington,Female,Retired
463,Patrick Stewart,18,New York,Male,College Student
464,Meghan Coleman,75,Boston,Female,Retired
465,Deborah Hall,68,New York,Female,Retired
466,Jennifer Gonzalez,62,Washington,Male,Shop Owner
467,Christopher Rowland,89,Phoenix,Female,Retired
468,Dylan Avila,26,Chicago,Female,Pharmacist
469,Daniel Orr,81,Houston,Female,Retired
470,Derek Singh DDS,26,Chicago,Male,Accountant
471,Jesse Stephens,84,New York,Male,Retired
472,Jennifer Cook,48,New York,Female,Engineer
473,Katherine Morrow MD,53,Denver,Male,Shop Owner
474,Mariah Medina,36,Denver,Male,Doctor
475,John Martin,99,San Francisco,Male,Retired
476,Joseph Gill,37,Denver,Female,Shop Owner
477,Nicole Peterson,42,Phoenix,Female,Engineer
478,Cindy Allen,72,Denver,Male,Retired
479,Connor Robinson,24,New York,Female,College Student
480,Daniel Brown,86,Washington,Female,Retired
481,Kathleen Jordan,31,Phoenix,Male,Engineer
482,Kelly Webb,17,Boston,Male,College Student
483,Kathleen Rivas,84,Washington,Female,Retired
484,Michael Alvarez,78,Los Angeles,Male,Retired
485,Rachel Serrano,94,Phoenix,Female,Retired
486,Laura Osborne,8,Denver,Male,School Student
487,Renee Bruce,74,Phoenix,Male,Retired
488,Taylor Smith,53,Denver,Male,Accountant
489,Susan Wilcox,75,Boston,Male,Retired
490,James Munoz,51,New York,Female,Doctor
491,James Bridges,18,Chicago,Male,College Student
492,Jared Carter,20,Boston,Female,College Student
493,Bryan Williams,23,Denver,Male,College Student
494,Henry Lopez,14,San Francisco,Female,School Student
495,Shawn Williams,52,Washington,Male,Engineer
496,Rachel Mahoney,51,San Francisco,Male,Doctor
497,Holly Henry,64,Chicago,Male,Shop Owner
498,Sharon Oliver,67,Chicago,Female,Retired
499,Andrew Wilkerson,36,Phoenix,Male,Pharmacist
500,Samantha Roach,91,Chicago,Male,Retired
501,Lynn Martin,99,Houston,Female,Retired
502,Christina Hines,81,Denver,Male,Retired
503,Kelly Mccormick,71,Los Angeles,Female,Retired
504,Sarah Hart,24,Chicago,Male,College Student
505,Rebecca Mosley,81,Denver,Female,Retired
506,Joshua Guzman,18,Phoenix,Female,College Student
507,Katrina Martinez,95,Los Angeles,Female,Retired
508,Shirley Thompson,88,Denver,Female,Retired
509,Karen Ford,8,Los Angeles,Male,School Student
510,Rachel Morales,87,Los Angeles,Female,Retired
511,Kathleen Gross,26,Phoenix,Female,Engineer
512,Lisa Price,21,Houston,Female,College Student
513,Edward Hall,21,San Francisco,Male,College Student
514,Bryan Wiggins,8,Denver,Female,School Student
515,James Warren,92,Phoenix,Male,Retired
516,Randy Fisher,42,New York,Female,Pharmacist
517,James Smith DDS,61,Phoenix,Female,Doctor
518,Jordan Walker,1,San Francisco,Female,Baby
519,Ronald Welch,27,New York,Male,Shop Owner
520,Andrew Williams,93,San Francisco,Male,Retired
521,Logan Romero,17,Denver,Female,College Student
522,Lucas Reynolds,73,Phoenix,Female,Retired
523,Mrs. Stephanie Martinez,74,New York,Male,Retired
524,Lisa Taylor,43,Chicago,Male,Pharmacist
525,Billy Jensen,19,San Francisco,Male,College Student
526,Judy Watson,17,Los Angeles,Female,College Student
527,Aaron Vincent,17,Boston,Male,College Student
528,Mark Fisher,54,Chicago,Male,Doctor
529,Michelle Escobar,81,Washington,Male,Retired
530,Daniel Carr,92,Houston,Male,Retired
531,Kristen Wallace,64,Houston,Female,Engineer
532,Taylor Frost,18,Boston,Female,College Student
533,Emma Peters,92,Seattle,Male,Retired
534,Wendy Vargas,57,Denver,Male,Engineer
535,Kathleen Hunter,21,San Francisco,Male,College Student
536,Jose Dillon,87,Boston,Female,Retired
537,Joseph Owens,30,San Francisco,Female,Pharmacist
538,Travis Davis,6,Washington,Male,School Student
539,Jeremy Nichols,85,Phoenix,Female,Retired
540,Lindsey Taylor,19,New York,Male,College Student
541,David Wong,44,Boston,Male,Pharmacist
542,Adam Turner,19,Phoenix,Male,College Student
543,David Holt,30,Houston,Female,Doctor
544,William Flynn,98,Seattle,Female,Retired
545,John Thomas,44,Denver,Male,Bank Manager
546,Gabriella Turner,46,Los Angeles,Female,Doctor
547,Anthony Wallace,82,New York,Female,Retired
548,Valerie Rogers,6,Houston,Female,School Student
549,Jeffrey Brown,83,Chicago,Female,Retired
550,Dennis Stark,79,New York,Male,Retired
551,Brian Richardson,44,Boston,Male,Doctor
552,Robert Miller,9,Houston,Male,School Student
553,Alicia Johnson,22,Houston,Male,College Student
554,Jamie Wagner,23,Boston,Female,College Student
555,Joel Francis,15,Los Angeles,Male,School Student
556,Deborah Payne,67,Chicago,Female,Retired
557,Christopher Sanchez,10,Denver,Male,School Student
558,Eric Meyers,67,New York,Male,Retired
559,Michael Fuller,44,Denver,Male,Shop Owner
560,Mr. Ryan Webb,98,Denver,Male,Retired
561,Zachary Marshall,24,Seattle,Male,College Student
562,James Martinez,38,Houston,Female,Lawyer
563,Alejandra Benitez,8,Boston,Female,School Student
564,Travis Whitaker,65,Washington,Male,Accountant
565,Tammy Richards,7,Boston,Male,School Student
566,Patricia Booth,44,Seattle,Male,Shop Owner
567,Brian May,86,Chicago,Female,Retired
568,Kevin Anderson,6,Chicago,Female,School Student
569,Joshua Gomez,64,Washington,Male,Engineer
570,Matthew Rios,37,Seattle,Male,Lawyer
571,Lori Elliott,26,New York,Female,Accountant
572,Katherine Lyons,97,Boston,Male,Retired
573,Dawn Brown,65,Houston,Male,Pharmacist
574,Brian Burke,34,Seattle,Male,Accountant
575,Joshua Davis,73,Chicago,Female,Retired
576,Beverly Johnson,29,Denver,Female,Lawyer
577,Judith Lam,42,Chicago,Female,Doctor
578,Lisa Murphy,8,Seattle,Female,School Student
579,Ray Guerrero,74,Houston,Female,Retired
580,Melanie Daugherty,5,Washington,Female,School Student
581,David Murphy,91,San Francisco,Male,Retired
582,Rebecca Garcia,54,San Francisco,Male,Pharmacist
583,Robert Flores,92,Washington,Female,Retired
584,Rebecca Palmer,12,Seattle,Female,School Student
585,Jonathan Conley,79,Houston,Male,Retired
586,Dr. Heather Delacruz,31,Washington,Male,Pharmacist
587,Emma Turner,4,Denver,Male,Baby
588,Paul Harper,71,Los Angeles,Female,Retired
589,Ana Mann,71,Phoenix,Female,Retired
590,George Bridges,86,Denver,Male,Retired
591,Jeffrey Price,8,Chicago,Male,School Student
592,Brian Sanchez,48,Los Angeles,Female,Accountant
593,Jeremiah Hill,31,Los Angeles,Male,Shop Owner
594,Cynthia Tran,48,Denver,Male,Accountant
595,Stacy Lloyd,44,Houston,Female,Engineer
596,Robert Pace,91,San Francisco,Male,Retired
597,Brandi King,47,New York,Female,Accountant
598,Angela Collins,16,Chicago,Female,School Student
599,Michael Golden,39,New York,Male,Bank Manager
600,Faith Morgan,40,Houston,Female,Shop Owner
601,Deborah Hopkins,95,Denver,Female,Retired
602,Christopher Poole,5,Seattle,Female,School Student
603,Jason Huynh,24,Houston,Female,College Student
604,Julie Shaw,37,Houston,Male,Bank Manager
605,Melissa Hernandez,69,Seattle,Male,Retired
606,Wyatt Wilson,93,Los Angeles,Female,Retired
607,Amanda Franco,28,Chicago,Male,Engineer
608,Justin Dunn,17,Seattle,Male,College Student
609,Mary Larsen,49,Chicago,Male,Bank Manager
610,Kelly Oconnor,36,Los Angeles,Female,Doctor
611,Patrick Stevens,80,Seattle,Female,Retired
612,Sean Anderson,79,Washington,Female,Retired
613,Michael Crawford MD,70,Seattle,Male,Retired
614,Mary Lucas,31,Los Angeles,Female,Lawyer
615,David Rodriguez,68,Chicago,Male,Retired
616,Danielle Bradshaw,69,Phoenix,Male,Retired
617,Jennifer Blankenship,17,Phoenix,Female,College Student
618,Amanda Walter,95,New York,Female,Retired
619,Julie Floyd,63,Chicago,Female,Doctor
620,Katherine Rivera,13,San Francisco,Female,School Student
621,Kathleen Short,43,Chicago,Female,Engineer
622,Nathaniel Perry,41,Chicago,Female,Engineer
623,Paul Nash,83,Los Angeles,Male,Retired
624,Lauren Washington,38,New York,Male,Shop Owner
625,Mary Hess,66,New York,Female,Retired
626,Joshua Aguilar,98,Washington,Female,Retired
627,Rodney Nelson,16,Boston,Female,School Student
628,Margaret Lopez,3,Phoenix,Male,Baby
629,Michael Austin,36,Denver,Female,Shop Owner
630,Nicholas Terrell,64,San Francisco,Female,Pharmacist
631,Lawrence Becker,49,Houston,Male,Accountant
632,Amanda Wilson,64,San Francisco,Male,Accountant
633,Jacob Burns,45,Washington,Female,Accountant
634,Yvette Galloway,81,Phoenix,Male,Retired
635,Jeffrey Carter,35,Phoenix,Female,Shop Owner
636,Heather Cantu,23,Los Angeles,Female,College Student
637,Mary Lee,43,Los Angeles,Female,Doctor
638,Jamie White,14,New York,Female,School Student
639,Richard Bauer,46,Phoenix,Female,Lawyer
640,Danielle Andrews,50,Washington,Female,Bank Manager
641,Thomas Dean,82,Boston,Female,Retired
642,Jose Jones,51,New York,Male,Bank Manager
643,Emily Meyer,89,Phoenix,Female,Retired
644,Jake Marshall,61,Houston,Female,Pharmacist
645,Jerry Hunt,21,New York,Male,College Student
646,Brian Garcia,98,Washington,Female,Retired
647,Theresa Hurst,23,New York,Female,College Student
648,Joshua Barker,38,Denver,Female,Shop Owner
649,Craig Andrews,85,Phoenix,Male,Retired
650,Tracy Turner,32,Washington,Male,Lawyer
651,Daniel Green,12,Phoenix,Male,School Student
652,Latoya Sanders,54,Phoenix,Female,Pharmacist
653,Timothy Hicks,90,San Francisco,Female,Retired
654,Carrie Garza,92,Los Angeles,Female,Retired
655,Jeff Deleon,22,Los Angeles,Male,College Student
656,Andrew Chambers,82,Boston,Female,Retired
657,Alexis Melendez,20,Washington,Female,College Student
658,Mark Mills,97,Chicago,Male,Retired
659,Jason Wallace,68,Seattle,Female,Retired
660,Peter Caldwell,81,Boston,Male,Retired
661,Kelly Nguyen,11,Los Angeles,Male,School Student
662,Andrea Miller,49,Houston,Female,Pharmacist
663,Adam Bennett,33,Seattle,Male,Engineer
664,Sandra Saunders,81,Washington,Male,Retired
665,Briana Mueller,55,San Francisco,Male,Shop Owner
666,Jessica Walker,89,Houston,Male,Retired
667,Jack Thomas,81,Los Angeles,Male,Retired
668,Jessica Kent,28,Chicago,Female,Shop Owner
669,Kimberly Mcclain,92,San Francisco,Female,Retired
670,Matthew Young,64,Boston,Male,Bank Manager
671,Eric Small,29,Los Angeles,Female,Doctor
672,Ronald Hoffman,89,New York,Male,Retired
673,Paula Roberts,70,Seattle,Male,Retired
674,Eric Baker,4,New York,Female,Baby
675,Troy Williams,44,Denver,Male,Accountant
676,Robert Miller,26,Houston,Male,Shop Owner
677,Marissa Dunn,70,Houston,Male,Retired
678,Brittany Sellers,22,San Francisco,Male,College Student
679,Larry James,92,New York,Male,Retired
680,Eileen Mueller,73,San Francisco,Male,Retired
681,Patricia Newton,65,Los Angeles,Female,Shop Owner
682,Joanna King,60,Phoenix,Male,Engineer
683,Laura Campbell,36,Denver,Female,Lawyer
684,Tiffany Duncan,19,Phoenix,Male,College Student
685,Carolyn Rogers,67,Los Angeles,Male,Retired
686,Angel Ortiz,72,New York,Male,Retired
687,Deborah Montgomery,97,Los Angeles,Male,Retired
688,Jason Fisher,50,Los Angeles,Female,Doctor
689,Scott Foster,45,New York,Male,Pharmacist
690,Elizabeth Garcia DVM,47,Boston,Female,Doctor
691,Dr. Nancy Gilbert,18,Houston,Female,College Student
692,Barbara Hopkins,90,San Francisco,Male,Retired
693,John Rodriguez,30,Phoenix,Female,Lawyer
694,Nathaniel Pacheco Jr.,7,Washington,Female,School Student
695,Kenneth Kim,61,Boston,Female,Lawyer
696,Sara Brown,15,Los Angeles,Male,School Student
697,Christopher Stark,13,Boston,Female,School Student
698,John Garza,22,Denver,Female,College Student
699,Robert Ford,80,Denver,Female,Retired
700,Mr. Joseph Roberson Jr.,8,Washington,Male,School Student
701,Nathan Moore,62,Chicago,Male,Doctor
702,Leslie Delgado,12,Washington,Male,School Student
703,Alyssa Preston,4,Boston,Male,Baby
704,Matthew Martin,49,New York,Female,Lawyer
705,Brian Tyler,92,Houston,Female,Retired
706,Carla Acevedo,96,Boston,Female,Retired
707,Evan Mendoza,59,Seattle,Female,Shop Owner
708,John Carson,54,Los Angeles,Female,Lawyer
709,Fernando Hutchinson,97,Los Angeles,Male,Retired
710,Meredith Jackson,5,Boston,Female,School Student
711,Allison Hernandez,49,Houston,Male,Lawyer
712,Edward Peterson,6,Denver,Male,School Student
713,Kathryn Brown,1,Denver,Male,Baby
714,Michael Coffey,5,New York,Male,School Student
715,Charles Lee,73,Denver,Male,Retired
716,Wendy Payne,16,Washington,Female,School Student
717,Jessica Wilkins,75,Houston,Male,Retired
718,Tracy Evans,87,Boston,Female,Retired
719,Kara Atkinson,63,Phoenix,Female,Engineer
720,Larry Morris,67,Boston,Male,Retired
721,Rebecca Davis,51,Phoenix,Male,Lawyer
722,Jeffrey Murphy,57,Houston,Male,Lawyer
723,Diane Simpson,26,Chicago,Male,Accountant
724,Chelsea Thomas,27,Denver,Female,Doctor
725,Tamara Martinez,75,Boston,Female,Retired
726,Hannah Robinson,18,New York,Male,College Student
727,Sherry Castaneda,40,Boston,Female,Bank Manager
728,Kristin York,75,New York,Male,Retired
729,Kelly Park,2,Chicago,Female,Baby
730,Nicholas Baxter,48,San Francisco,Male,Shop Owner
731,Kerry Gutierrez,97,Chicago,Male,Retired
732,Travis Franklin,32,Houston,Male,Lawyer
733,Michael Wilson,75,Houston,Male,Retired
734,Amanda Jackson,8,Seattle,Female,School Student
735,Amy Sherman,46,Boston,Male,Engineer
736,Jose Wilson,67,Seattle,Male,Retired
737,Tiffany Berry,100,Los Angeles,Female,Retired
738,Louis Jones,80,Denver,Female,Retired
739,Jamie Greene DDS,32,Chicago,Male,Accountant
740,Heather Robbins,97,Washington,Female,Retired
741,Michele Fox,73,Boston,Male,Retired
742,Cory Mcpherson,22,San Francisco,Female,College Student
743,Tammy Valdez,18,Chicago,Male,College Student
744,David Monroe,8,San Francisco,Male,School Student
745,Jillian Carr,5,Los Angeles,Male,School Student
746,Cathy Pham,2,Houston,Female,Baby
747,James Brady MD,82,Seattle,Male,Retired
748,Bruce Green,4,Los Angeles,Male,Baby
749,Michael Burke MD,27,Phoenix,Female,Shop Owner
750,Valerie Perez,85,Houston,Male,Retired
751,Brittany Beck,60,Chicago,Male,Accountant
752,Shelley Thomas,90,Phoenix,Female,Retired
753,Jesus Lara,80,Chicago,Female,Retired
754,Michael Alvarez,21,Boston,Female,College Student
755,Ashley Gutierrez,48,Phoenix,Male,Bank Manager
756,Melissa White,21,San Francisco,Female,College Student
757,Lisa Wilkins,20,Seattle,Male,College Student
758,Tiffany Wilson,62,Seattle,Male,Engineer
759,Julie Ramsey,62,Chicago,Male,Accountant
760,Amber Andrade,74,Seattle,Male,Retired
761,David Myers,61,Phoenix,Male,Shop Owner
762,Angela Richards,2,Phoenix,Male,Baby
763,Kenneth Young,78,Chicago,Male,Retired
764,Amber Reed,40,Boston,Female,Engineer
765,Charles Spencer,67,Denver,Male,Retired
766,Jane Hayes,97,San Francisco,Female,Retired
767,Robert Williams,17,Los Angeles,Male,College Student
768,Vicki Ward,89,Houston,Male,Retired
769,Kelly Hickman,52,Houston,Female,Shop Owner
770,Lori Gaines,61,Washington,Male,Shop Owner
771,Cathy Baker,26,Seattle,Female,Pharmacist
772,Donald Lane,43,Boston,Male,Bank Manager
773,Erika Murphy,74,Chicago,Female,Retired
774,Patrick Turner,76,Denver,Female,Retired
775,Pamela Winters,26,Phoenix,Female,Bank Manager
776,Dr. Garrett Diaz,30,Los Angeles,Male,Bank Manager
777,Benjamin Jensen,97,San Francisco,Male,Retired
778,Cindy Briggs,45,San Francisco,Male,Shop Owner
779,Joshua Dunn,32,Washington,Female,Engineer
780,Taylor Mcneil,32,Chicago,Female,Accountant
781,Pamela Smith,93,Seattle,Male,Retired
782,Melissa Frost,93,Los Angeles,Male,Retired
783,Michael Stevens,24,Houston,Female,College Student
784,Evan Brown,62,San Francisco,Male,Accountant
785,Chelsea Sandoval,73,Chicago,Male,Retired
786,Derrick Bullock,5,Denver,Female,School Student
787,Jonathon Walters,23,Denver,Male,College Student
788,Danielle King,44,New York,Female,Bank Manager
789,Steven Jacobson,56,Seattle,Female,Lawyer
790,Henry Cunningham,1,Washington,Male,Baby
791,Nicholas Gonzalez,88,New York,Female,Retired
792,Crystal Williams,40,Los Angeles,Female,Shop Owner
793,Leslie Brown,90,Phoenix,Male,Retired
794,Ashley Poole,34,Los Angeles,Male,Doctor
795,Janet Freeman,63,Houston,Male,Pharmacist
796,Todd Pena,70,New York,Female,Retired
797,Mark Kelly,91,Chicago,Female,Retired
798,Timothy Hill,36,Los Angeles,Female,Bank Manager
799,Sandra Kane,5,New York,Male,School Student
800,Brent Wiley,59,Los Angeles,Male,Shop Owner
801,Samantha Best,8,Chicago,Female,School Student
802,Heather Savage,15,Houston,Male,School Student
803,Blake Anderson,33,Houston,Female,Doctor
804,Eric Conley,68,Houston,Female,Retired
805,Amy Brandt,20,Los Angeles,Female,College Student
806,Shawn Young,54,Chicago,Female,Bank Manager
807,Anthony Morris,38,Washington,Male,Accountant
808,Heather Fisher,54,Phoenix,Male,Accountant
809,Debra Smith,100,Los Angeles,Male,Retired
810,Brian Adams,61,Los Angeles,Female,Lawyer
811,Jeffery Sanchez,1,Chicago,Male,Baby
812,Mackenzie Harrell,16,San Francisco,Female,School Student
813,Jessica Graves,3,Phoenix,Female,Baby
814,Justin Kane,73,Chicago,Male,Retired
815,Mitchell Murphy,20,Boston,Female,College Student
816,Jerry Thomas,10,Chicago,Female,School Student
817,Kristin Odonnell,60,Chicago,Female,Shop Owner
818,Krystal Stone,9,Boston,Female,School Student
819,Eric Perez,62,New York,Male,Pharmacist
820,Kelly Moore,30,Seattle,Male,Bank Manager
821,Andrew Cox,37,Houston,Female,Doctor
822,Steven Duncan,16,New York,Male,School Student
823,Jimmy Webb,53,Washington,Female,Shop Owner
824,Tina Wood,100,Los Angeles,Female,Retired
825,Stephanie Thomas,20,Phoenix,Female,College Student
826,Matthew Maldonado,73,New York,Male,Retired
827,Jasmine Taylor,73,Seattle,Male,Retired
828,Nicole Harper,73,Denver,Male,Retired
829,Gina Crawford,51,Washington,Male,Doctor
830,Justin Jordan,48,Los Angeles,Female,Pharmacist
831,Derek Richards,47,San Francisco,Female,Doctor
832,Michelle Moon,42,Houston,Male,Doctor
833,Nicole Jones,35,Boston,Female,Accountant
834,Sandra Martinez,19,Seattle,Male,College Student
835,James Holder,66,Boston,Male,Retired
836,Mr. Michael Vasquez,89,Washington,Male,Retired
837,Amber Petersen,56,Houston,Female,Engineer
838,Ashley Simon,71,Seattle,Female,Retired
839,Dr. Casey Miller DDS,76,Denver,Female,Retired
840,Beth Acosta,8,New York,Male,School Student
841,Ashley Frazier,17,Chicago,Male,College Student
842,Mrs. Danielle Jackson,84,Los Angeles,Female,Retired
843,Debbie Johnson,65,Washington,Female,Engineer
844,Jeffery Estrada,95,Boston,Male,Retired
845,Brandon Barrett,96,Phoenix,Female,Retired
846,Bradley Jimenez,52,San Francisco,Male,Lawyer
847,Kimberly Kramer,46,Boston,Male,Shop Owner
848,Kyle Stanley,1,Seattle,Male,Baby
849,Julie Miller,69,Chicago,Female,Retired
850,Brittany Steele,83,Denver,Male,Retired
851,Lisa Bowman,80,Denver,Female,Retired
852,Jesse Contreras,2,Denver,Female,Baby
853,Bailey Gonzalez,3,Seattle,Female,Baby
854,Frank Turner,33,San Francisco,Female,Doctor
855,Raymond Little,27,Denver,Male,Pharmacist
856,Julie Nguyen,3,New York,Female,Baby
857,Stephen Russell,16,Seattle,Female,School Student
858,Seth Austin,10,New York,Male,School Student
859,Roberta Bailey,44,Los Angeles,Male,Bank Manager
860,Michael Holmes,4,New York,Female,Baby
861,Zachary Olson,63,Houston,Female,Shop Owner
862,Jose Bryant,65,Seattle,Female,Lawyer
863,Dr. Courtney Payne,52,Seattle,Female,Accountant
864,Edward Mays,71,Seattle,Male,Retired
865,Brandon Vasquez,60,Denver,Female,Accountant
866,Jason Daniel,72,Phoenix,Male,Retired
867,William Gardner,44,Denver,Female,Shop Owner
868,Elizabeth Howell,81,Los Angeles,Male,Retired
869,Joel Rush,7,Chicago,Female,School Student
870,Jeanette King,15,Boston,Female,School Student
871,Lauren Smith,31,Seattle,Male,Shop Owner
872,Denise Hall,6,Washington,Female,School Student
873,Michael Drake,80,San Francisco,Female,Retired
874,Paul Dean,9,Denver,Male,School Student
875,Michael Levine,32,Washington,Female,Accountant
876,Erin Thomas,51,Houston,Female,Doctor
877,Christine Douglas,66,Los Angeles,Male,Retired
878,Ms. Tiffany Price,13,Washington,Female,School Student
879,Cheryl Williams,60,Seattle,Male,Shop Owner
880,Logan Jennings,71,Washington,Female,Retired
881,Charles Jimenez,78,Los Angeles,Female,Retired
882,Corey Santiago,96,Washington,Female,Retired
883,Joseph Lyons,47,Chicago,Female,Lawyer
884,Diana Murphy,16,San Francisco,Male,School Student
885,Melissa Gutierrez,94,Boston,Female,Retired
886,Marie Douglas,75,Phoenix,Male,Retired
887,Anthony Price,98,Denver,Male,Retired
888,Timothy Arnold,88,Houston,Female,Retired
889,Marilyn Ellis,79,Houston,Female,Retired
890,Elizabeth Nguyen,24,Seattle,Female,College Student
891,Darin Thomas,82,San Francisco,Female,Retired
892,Steven Edwards,37,Seattle,Male,Pharmacist
893,Steven Hudson,33,Washington,Male,Shop Owner
894,Evelyn Cook DDS,68,Houston,Male,Retired
895,Christopher Ramirez,76,San Francisco,Male,Retired
896,Andrea Ortega,9,New York,Female,School Student
897,Megan Wilson,77,Denver,Male,Retired
898,Charles Norris,70,Washington,Female,Retired
899,Brittany Brown MD,90,Seattle,Female,Retired
900,Charlene Caldwell,13,Houston,Male,School Student
901,Kara Lopez,95,Chicago,Female,Retired
902,Brittany Foster,42,Denver,Female,Lawyer
903,Danny Thompson,20,Chicago,Male,College Student
904,Renee Rangel,53,San Francisco,Male,Pharmacist
905,John Jones,58,Boston,Male,Bank Manager
906,Christopher Levine,35,San Francisco,Female,Bank Manager
907,Zachary Flores,72,Seattle,Male,Retired
908,Alexander Moore,99,Denver,Female,Retired
909,Carlos Dawson,3,Chicago,Male,Baby
910,Brian Donaldson,6,San Francisco,Male,School Student
911,Nicole Johnson,57,Los Angeles,Female,Bank Manager
912,Jose Mathis,52,Denver,Male,Accountant
913,Paul Davidson,89,Seattle,Male,Retired
914,Natalie White,35,Houston,Male,Accountant
915,Matthew Holloway,62,New York,Female,Pharmacist
916,Mr. Gary Johnson,94,Chicago,Female,Retired
917,Tracy Brown,19,Phoenix,Female,College Student
918,Daniel Torres,56,New York,Male,Lawyer
919,Gregory Neal,52,San Francisco,Male,Pharmacist
920,Andrea Walsh,94,Houston,Female,Retired
921,Danny Stone,65,Chicago,Male,Lawyer
922,Kristopher Thompson,30,Seattle,Female,Engineer
923,Kaylee Shaw,62,Chicago,Male,Pharmacist
924,Joseph Chung,9,Washington,Male,School Student
925,Alex Pittman,16,Boston,Female,School Student
926,Jennifer Allen,67,New York,Female,Retired
927,Nancy Newman,64,Denver,Male,Shop Owner
928,Antonio Romero,28,San Francisco,Female,Accountant
929,Megan Gross,58,Boston,Female,Engineer
930,Michelle Mccarthy,49,Denver,Female,Engineer
931,Anthony Allen,78,Houston,Male,Retired
932,Holly Garcia,2,San Francisco,Female,Baby
933,Michele Blair,16,Houston,Female,School Student
934,William Martinez,69,Houston,Female,Retired
935,Donald Mcmillan,14,Boston,Male,School Student
936,Samuel Wood,71,Chicago,Male,Retired
937,Ann Underwood,98,Houston,Male,Retired
938,Mark Moore,55,Los Angeles,Male,Engineer
939,Ryan Stout,68,Seattle,Male,Retired
940,Jacob Webster,7,Seattle,Male,School Student
941,Jonathan Cole,91,Seattle,Female,Retired
942,Sarah Black,91,Los Angeles,Male,Retired
943,Mr. Nicholas Lopez,46,New York,Female,Engineer
944,Alexander Reid,26,Chicago,Female,Pharmacist
945,Brett Ward,39,Los Angeles,Female,Doctor
946,Katrina Durham,32,Denver,Female,Lawyer
947,Joshua Zhang,96,Boston,Male,Retired
948,Nathan Moran,77,Phoenix,Female,Retired
949,Wesley Fields,96,Boston,Male,Retired
950,Melody Morales,34,Phoenix,Female,Accountant
951,Joshua Mccormick,55,Denver,Male,Doctor
952,Michael Adams,26,Chicago,Male,Bank Manager
953,Whitney Hernandez,100,Washington,Female,Retired
954,Mark Weber,40,Houston,Female,Accountant
955,Franklin Sanchez,98,Houston,Male,Retired
956,Paul Gay,35,San Francisco,Male,Engineer
957,Mrs. Lisa Campos,51,Chicago,Female,Shop Owner
958,Amber Montgomery,7,Boston,Female,School Student
959,Caitlin Perez,46,New York,Female,Accountant
960,Catherine Gillespie,44,Seattle,Male,Accountant
961,Darrell Santos,60,Chicago,Female,Doctor
962,Nicole Allen,27,Chicago,Female,Bank Manager
963,James Cummings,66,New York,Male,Retired
964,Ashley Patterson,61,Boston,Female,Engineer
965,Kyle Ramos,31,Denver,Male,Lawyer
966,Rachel Harris,58,Seattle,Male,Bank Manager
967,Thomas Munoz,56,Phoenix,Male,Shop Owner
968,Robert Williams,63,New York,Female,Accountant
969,Laurie Allen,10,San Francisco,Male,School Student
970,Gregory Castillo,46,Washington,Female,Lawyer
971,Chase Thomas,67,Houston,Female,Retired
972,Thomas Watkins,29,Phoenix,Female,Lawyer
973,Michael Gibson,63,Houston,Female,Accountant
974,Joseph Smith,64,Phoenix,Male,Doctor
975,Erin Shepherd,74,Houston,Female,Retired
976,Sarah Miller,16,Washington,Male,School Student
977,Stephen Krueger,90,Phoenix,Male,Retired
978,Misty Reed,49,San Francisco,Female,Lawyer
979,Russell Huff,71,Los Angeles,Female,Retired
980,Karen Clark,47,Los Angeles,Male,Bank Manager
981,Nicole Sanders,50,Houston,Female,Doctor
982,Pamela Riddle,66,San Francisco,Female,Retired
983,Glenn Jones,19,Chicago,Male,College Student
984,Shannon Little,41,Denver,Male,Accountant
985,Stacey Green,98,Seattle,Female,Retired
986,Jennifer Gilmore,68,Washington,Male,Retired
987,Stacey Moore,27,Phoenix,Female,Bank Manager
988,Thomas Dawson,92,Chicago,Female,Retired
989,Robert Gordon,8,Houston,Male,School Student
990,James Gomez,97,New York,Male,Retired
991,James Gallegos,23,New York,Male,College Student
992,Andrew Nguyen,11,Los Angeles,Male,School Student
993,Melissa Rodriguez,16,New York,Female,School Student
994,Martha Santana,35,Chicago,Female,Bank Manager
995,Sara Greer,59,Denver,Male,Pharmacist
996,Heather Buck,99,Los Angeles,Female,Retired
997,Chelsea Barnes,97,Seattle,Female,Retired
998,Randy Horton,43,Boston,Male,Accountant
999,Jessica Ferguson,37,Seattle,Male,Engineer
1000,Sarah Miller,7,Chicago,Male,School Student
